pretty_link,country_or_district,id
"<div><a href=""/places/default/view/Afghanistan-1""><img src=""/places/static/images/flags/af.png"" /> Afghanistan</a></div>",Afghanistan,1775383
"<div><a href=""/places/default/view/Aland-Islands-2""><img src=""/places/static/images/flags/ax.png"" /> Aland Islands</a></div>",Aland Islands,1775384
"<div><a href=""/places/default/view/Albania-3""><img src=""/places/static/images/flags/al.png"" /> Albania</a></div>",Albania,1775385
"<div><a href=""/places/default/view/Algeria-4""><img src=""/places/static/images/flags/dz.png"" /> Algeria</a></div>",Algeria,1775386
"<div><a href=""/places/default/view/American-Samoa-5""><img src=""/places/static/images/flags/as.png"" /> American Samoa</a></div>",American Samoa,1775387
"<div><a href=""/places/default/view/Andorra-6""><img src=""/places/static/images/flags/ad.png"" /> Andorra</a></div>",Andorra,1775388
"<div><a href=""/places/default/view/Angola-7""><img src=""/places/static/images/flags/ao.png"" /> Angola</a></div>",Angola,1775389
"<div><a href=""/places/default/view/Anguilla-8""><img src=""/places/static/images/flags/ai.png"" /> Anguilla</a></div>",Anguilla,1775390
"<div><a href=""/places/default/view/Antarctica-9""><img src=""/places/static/images/flags/aq.png"" /> Antarctica</a></div>",Antarctica,1775391
"<div><a href=""/places/default/view/Antigua-and-Barbuda-10""><img src=""/places/static/images/flags/ag.png"" /> Antigua and Barbuda</a></div>",Antigua and Barbuda,1775392
"<div><a href=""/places/default/view/Argentina-11""><img src=""/places/static/images/flags/ar.png"" /> Argentina</a></div>",Argentina,1775393
"<div><a href=""/places/default/view/Armenia-12""><img src=""/places/static/images/flags/am.png"" /> Armenia</a></div>",Armenia,1775394
"<div><a href=""/places/default/view/Aruba-13""><img src=""/places/static/images/flags/aw.png"" /> Aruba</a></div>",Aruba,1775395
"<div><a href=""/places/default/view/Australia-14""><img src=""/places/static/images/flags/au.png"" /> Australia</a></div>",Australia,1775396
"<div><a href=""/places/default/view/Austria-15""><img src=""/places/static/images/flags/at.png"" /> Austria</a></div>",Austria,1775397
"<div><a href=""/places/default/view/Azerbaijan-16""><img src=""/places/static/images/flags/az.png"" /> Azerbaijan</a></div>",Azerbaijan,1775398
"<div><a href=""/places/default/view/Bahamas-17""><img src=""/places/static/images/flags/bs.png"" /> Bahamas</a></div>",Bahamas,1775399
"<div><a href=""/places/default/view/Bahrain-18""><img src=""/places/static/images/flags/bh.png"" /> Bahrain</a></div>",Bahrain,1775400
"<div><a href=""/places/default/view/Bangladesh-19""><img src=""/places/static/images/flags/bd.png"" /> Bangladesh</a></div>",Bangladesh,1775401
"<div><a href=""/places/default/view/Barbados-20""><img src=""/places/static/images/flags/bb.png"" /> Barbados</a></div>",Barbados,1775402
"<div><a href=""/places/default/view/Belarus-21""><img src=""/places/static/images/flags/by.png"" /> Belarus</a></div>",Belarus,1775403
"<div><a href=""/places/default/view/Belgium-22""><img src=""/places/static/images/flags/be.png"" /> Belgium</a></div>",Belgium,1775404
"<div><a href=""/places/default/view/Belize-23""><img src=""/places/static/images/flags/bz.png"" /> Belize</a></div>",Belize,1775405
"<div><a href=""/places/default/view/Benin-24""><img src=""/places/static/images/flags/bj.png"" /> Benin</a></div>",Benin,1775406
"<div><a href=""/places/default/view/Bermuda-25""><img src=""/places/static/images/flags/bm.png"" /> Bermuda</a></div>",Bermuda,1775407
"<div><a href=""/places/default/view/Bhutan-26""><img src=""/places/static/images/flags/bt.png"" /> Bhutan</a></div>",Bhutan,1775408
"<div><a href=""/places/default/view/Bolivia-27""><img src=""/places/static/images/flags/bo.png"" /> Bolivia</a></div>",Bolivia,1775409
"<div><a href=""/places/default/view/Bonaire-Saint-Eustatius-and-Saba-28""><img src=""/places/static/images/flags/bq.png"" /> Bonaire, Saint Eustatius and Saba</a></div>","Bonaire, Saint Eustatius and Saba",1775410
"<div><a href=""/places/default/view/Bosnia-and-Herzegovina-29""><img src=""/places/static/images/flags/ba.png"" /> Bosnia and Herzegovina</a></div>",Bosnia and Herzegovina,1775411
"<div><a href=""/places/default/view/Botswana-30""><img src=""/places/static/images/flags/bw.png"" /> Botswana</a></div>",Botswana,1775412
"<div><a href=""/places/default/view/Bouvet-Island-31""><img src=""/places/static/images/flags/bv.png"" /> Bouvet Island</a></div>",Bouvet Island,1775413
"<div><a href=""/places/default/view/Brazil-32""><img src=""/places/static/images/flags/br.png"" /> Brazil</a></div>",Brazil,1775414
"<div><a href=""/places/default/view/British-Indian-Ocean-Territory-33""><img src=""/places/static/images/flags/io.png"" /> British Indian Ocean Territory</a></div>",British Indian Ocean Territory,1775415
"<div><a href=""/places/default/view/British-Virgin-Islands-34""><img src=""/places/static/images/flags/vg.png"" /> British Virgin Islands</a></div>",British Virgin Islands,1775416
"<div><a href=""/places/default/view/Brunei-35""><img src=""/places/static/images/flags/bn.png"" /> Brunei</a></div>",Brunei,1775417
"<div><a href=""/places/default/view/Bulgaria-36""><img src=""/places/static/images/flags/bg.png"" /> Bulgaria</a></div>",Bulgaria,1775418
"<div><a href=""/places/default/view/Burkina-Faso-37""><img src=""/places/static/images/flags/bf.png"" /> Burkina Faso</a></div>",Burkina Faso,1775419
"<div><a href=""/places/default/view/Burundi-38""><img src=""/places/static/images/flags/bi.png"" /> Burundi</a></div>",Burundi,1775420
"<div><a href=""/places/default/view/Cambodia-39""><img src=""/places/static/images/flags/kh.png"" /> Cambodia</a></div>",Cambodia,1775421
"<div><a href=""/places/default/view/Cameroon-40""><img src=""/places/static/images/flags/cm.png"" /> Cameroon</a></div>",Cameroon,1775422
"<div><a href=""/places/default/view/Canada-41""><img src=""/places/static/images/flags/ca.png"" /> Canada</a></div>",Canada,1775423
"<div><a href=""/places/default/view/Cape-Verde-42""><img src=""/places/static/images/flags/cv.png"" /> Cape Verde</a></div>",Cape Verde,1775424
"<div><a href=""/places/default/view/Cayman-Islands-43""><img src=""/places/static/images/flags/ky.png"" /> Cayman Islands</a></div>",Cayman Islands,1775425
"<div><a href=""/places/default/view/Central-African-Republic-44""><img src=""/places/static/images/flags/cf.png"" /> Central African Republic</a></div>",Central African Republic,1775426
"<div><a href=""/places/default/view/Chad-45""><img src=""/places/static/images/flags/td.png"" /> Chad</a></div>",Chad,1775427
"<div><a href=""/places/default/view/Chile-46""><img src=""/places/static/images/flags/cl.png"" /> Chile</a></div>",Chile,1775428
"<div><a href=""/places/default/view/Christmas-Island-47""><img src=""/places/static/images/flags/cx.png"" /> Christmas Island</a></div>",Christmas Island,1775429
"<div><a href=""/places/default/view/Cocos-Islands-48""><img src=""/places/static/images/flags/cc.png"" /> Cocos Islands</a></div>",Cocos Islands,1775430
"<div><a href=""/places/default/view/Colombia-49""><img src=""/places/static/images/flags/co.png"" /> Colombia</a></div>",Colombia,1775431
"<div><a href=""/places/default/view/Comoros-50""><img src=""/places/static/images/flags/km.png"" /> Comoros</a></div>",Comoros,1775432
"<div><a href=""/places/default/view/Cook-Islands-51""><img src=""/places/static/images/flags/ck.png"" /> Cook Islands</a></div>",Cook Islands,1775433
"<div><a href=""/places/default/view/Costa-Rica-52""><img src=""/places/static/images/flags/cr.png"" /> Costa Rica</a></div>",Costa Rica,1775434
"<div><a href=""/places/default/view/Croatia-53""><img src=""/places/static/images/flags/hr.png"" /> Croatia</a></div>",Croatia,1775435
"<div><a href=""/places/default/view/Cuba-54""><img src=""/places/static/images/flags/cu.png"" /> Cuba</a></div>",Cuba,1775436
"<div><a href=""/places/default/view/Curacao-55""><img src=""/places/static/images/flags/cw.png"" /> Curacao</a></div>",Curacao,1775437
"<div><a href=""/places/default/view/Cyprus-56""><img src=""/places/static/images/flags/cy.png"" /> Cyprus</a></div>",Cyprus,1775438
"<div><a href=""/places/default/view/Czech-Republic-57""><img src=""/places/static/images/flags/cz.png"" /> Czech Republic</a></div>",Czech Republic,1775439
"<div><a href=""/places/default/view/Democratic-Republic-of-the-Congo-58""><img src=""/places/static/images/flags/cd.png"" /> Democratic Republic of the Congo</a></div>",Democratic Republic of the Congo,1775440
"<div><a href=""/places/default/view/Denmark-59""><img src=""/places/static/images/flags/dk.png"" /> Denmark</a></div>",Denmark,1775441
"<div><a href=""/places/default/view/Djibouti-60""><img src=""/places/static/images/flags/dj.png"" /> Djibouti</a></div>",Djibouti,1775442
"<div><a href=""/places/default/view/Dominica-61""><img src=""/places/static/images/flags/dm.png"" /> Dominica</a></div>",Dominica,1775443
"<div><a href=""/places/default/view/Dominican-Republic-62""><img src=""/places/static/images/flags/do.png"" /> Dominican Republic</a></div>",Dominican Republic,1775444
"<div><a href=""/places/default/view/East-Timor-63""><img src=""/places/static/images/flags/tl.png"" /> East Timor</a></div>",East Timor,1775445
"<div><a href=""/places/default/view/Ecuador-64""><img src=""/places/static/images/flags/ec.png"" /> Ecuador</a></div>",Ecuador,1775446
"<div><a href=""/places/default/view/Egypt-65""><img src=""/places/static/images/flags/eg.png"" /> Egypt</a></div>",Egypt,1775447
"<div><a href=""/places/default/view/El-Salvador-66""><img src=""/places/static/images/flags/sv.png"" /> El Salvador</a></div>",El Salvador,1775448
"<div><a href=""/places/default/view/Equatorial-Guinea-67""><img src=""/places/static/images/flags/gq.png"" /> Equatorial Guinea</a></div>",Equatorial Guinea,1775449
"<div><a href=""/places/default/view/Eritrea-68""><img src=""/places/static/images/flags/er.png"" /> Eritrea</a></div>",Eritrea,1775450
"<div><a href=""/places/default/view/Estonia-69""><img src=""/places/static/images/flags/ee.png"" /> Estonia</a></div>",Estonia,1775451
"<div><a href=""/places/default/view/Ethiopia-70""><img src=""/places/static/images/flags/et.png"" /> Ethiopia</a></div>",Ethiopia,1775452
"<div><a href=""/places/default/view/Faroe-Islands-71""><img src=""/places/static/images/flags/fo.png"" /> Faroe Islands</a></div>",Faroe Islands,1775453
"<div><a href=""/places/default/view/Fiji-72""><img src=""/places/static/images/flags/fj.png"" /> Fiji</a></div>",Fiji,1775454
"<div><a href=""/places/default/view/Finland-73""><img src=""/places/static/images/flags/fi.png"" /> Finland</a></div>",Finland,1775455
"<div><a href=""/places/default/view/France-74""><img src=""/places/static/images/flags/fr.png"" /> France</a></div>",France,1775456
"<div><a href=""/places/default/view/French-Guiana-75""><img src=""/places/static/images/flags/gf.png"" /> French Guiana</a></div>",French Guiana,1775457
"<div><a href=""/places/default/view/French-Polynesia-76""><img src=""/places/static/images/flags/pf.png"" /> French Polynesia</a></div>",French Polynesia,1775458
"<div><a href=""/places/default/view/French-Southern-Territories-77""><img src=""/places/static/images/flags/tf.png"" /> French Southern Territories</a></div>",French Southern Territories,1775459
"<div><a href=""/places/default/view/Gabon-78""><img src=""/places/static/images/flags/ga.png"" /> Gabon</a></div>",Gabon,1775460
"<div><a href=""/places/default/view/Gambia-79""><img src=""/places/static/images/flags/gm.png"" /> Gambia</a></div>",Gambia,1775461
"<div><a href=""/places/default/view/Georgia-80""><img src=""/places/static/images/flags/ge.png"" /> Georgia</a></div>",Georgia,1775462
"<div><a href=""/places/default/view/Germany-81""><img src=""/places/static/images/flags/de.png"" /> Germany</a></div>",Germany,1775463
"<div><a href=""/places/default/view/Ghana-82""><img src=""/places/static/images/flags/gh.png"" /> Ghana</a></div>",Ghana,1775464
"<div><a href=""/places/default/view/Gibraltar-83""><img src=""/places/static/images/flags/gi.png"" /> Gibraltar</a></div>",Gibraltar,1775465
"<div><a href=""/places/default/view/Greece-84""><img src=""/places/static/images/flags/gr.png"" /> Greece</a></div>",Greece,1775466
"<div><a href=""/places/default/view/Greenland-85""><img src=""/places/static/images/flags/gl.png"" /> Greenland</a></div>",Greenland,1775467
"<div><a href=""/places/default/view/Grenada-86""><img src=""/places/static/images/flags/gd.png"" /> Grenada</a></div>",Grenada,1775468
"<div><a href=""/places/default/view/Guadeloupe-87""><img src=""/places/static/images/flags/gp.png"" /> Guadeloupe</a></div>",Guadeloupe,1775469
"<div><a href=""/places/default/view/Guam-88""><img src=""/places/static/images/flags/gu.png"" /> Guam</a></div>",Guam,1775470
"<div><a href=""/places/default/view/Guatemala-89""><img src=""/places/static/images/flags/gt.png"" /> Guatemala</a></div>",Guatemala,1775471
"<div><a href=""/places/default/view/Guernsey-90""><img src=""/places/static/images/flags/gg.png"" /> Guernsey</a></div>",Guernsey,1775472
"<div><a href=""/places/default/view/Guinea-91""><img src=""/places/static/images/flags/gn.png"" /> Guinea</a></div>",Guinea,1775473
"<div><a href=""/places/default/view/Guinea-Bissau-92""><img src=""/places/static/images/flags/gw.png"" /> Guinea-Bissau</a></div>",Guinea-Bissau,1775474
"<div><a href=""/places/default/view/Guyana-93""><img src=""/places/static/images/flags/gy.png"" /> Guyana</a></div>",Guyana,1775475
"<div><a href=""/places/default/view/Haiti-94""><img src=""/places/static/images/flags/ht.png"" /> Haiti</a></div>",Haiti,1775476
"<div><a href=""/places/default/view/Heard-Island-and-McDonald-Islands-95""><img src=""/places/static/images/flags/hm.png"" /> Heard Island and McDonald Islands</a></div>",Heard Island and McDonald Islands,1775477
"<div><a href=""/places/default/view/Honduras-96""><img src=""/places/static/images/flags/hn.png"" /> Honduras</a></div>",Honduras,1775478
"<div><a href=""/places/default/view/Hungary-97""><img src=""/places/static/images/flags/hu.png"" /> Hungary</a></div>",Hungary,1775479
"<div><a href=""/places/default/view/Iceland-98""><img src=""/places/static/images/flags/is.png"" /> Iceland</a></div>",Iceland,1775480
"<div><a href=""/places/default/view/Indonesia-99""><img src=""/places/static/images/flags/id.png"" /> Indonesia</a></div>",Indonesia,1775481
"<div><a href=""/places/default/view/Iran-100""><img src=""/places/static/images/flags/ir.png"" /> Iran</a></div>",Iran,1775482
"<div><a href=""/places/default/view/Iraq-101""><img src=""/places/static/images/flags/iq.png"" /> Iraq</a></div>",Iraq,1775483
"<div><a href=""/places/default/view/Ireland-102""><img src=""/places/static/images/flags/ie.png"" /> Ireland</a></div>",Ireland,1775484
"<div><a href=""/places/default/view/Isle-of-Man-103""><img src=""/places/static/images/flags/im.png"" /> Isle of Man</a></div>",Isle of Man,1775485
"<div><a href=""/places/default/view/Israel-104""><img src=""/places/static/images/flags/il.png"" /> Israel</a></div>",Israel,1775486
"<div><a href=""/places/default/view/Italy-105""><img src=""/places/static/images/flags/it.png"" /> Italy</a></div>",Italy,1775487
"<div><a href=""/places/default/view/Ivory-Coast-106""><img src=""/places/static/images/flags/ci.png"" /> Ivory Coast</a></div>",Ivory Coast,1775488
"<div><a href=""/places/default/view/Jamaica-107""><img src=""/places/static/images/flags/jm.png"" /> Jamaica</a></div>",Jamaica,1775489
"<div><a href=""/places/default/view/Japan-108""><img src=""/places/static/images/flags/jp.png"" /> Japan</a></div>",Japan,1775490
"<div><a href=""/places/default/view/Jersey-109""><img src=""/places/static/images/flags/je.png"" /> Jersey</a></div>",Jersey,1775491
"<div><a href=""/places/default/view/Jordan-110""><img src=""/places/static/images/flags/jo.png"" /> Jordan</a></div>",Jordan,1775492
"<div><a href=""/places/default/view/Kazakhstan-111""><img src=""/places/static/images/flags/kz.png"" /> Kazakhstan</a></div>",Kazakhstan,1775493
"<div><a href=""/places/default/view/Kenya-112""><img src=""/places/static/images/flags/ke.png"" /> Kenya</a></div>",Kenya,1775494
"<div><a href=""/places/default/view/Kiribati-113""><img src=""/places/static/images/flags/ki.png"" /> Kiribati</a></div>",Kiribati,1775495
"<div><a href=""/places/default/view/Kosovo-114""><img src=""/places/static/images/flags/xk.png"" /> Kosovo</a></div>",Kosovo,1775496
"<div><a href=""/places/default/view/Kuwait-115""><img src=""/places/static/images/flags/kw.png"" /> Kuwait</a></div>",Kuwait,1775497
"<div><a href=""/places/default/view/Kyrgyzstan-116""><img src=""/places/static/images/flags/kg.png"" /> Kyrgyzstan</a></div>",Kyrgyzstan,1775498
"<div><a href=""/places/default/view/Laos-117""><img src=""/places/static/images/flags/la.png"" /> Laos</a></div>",Laos,1775499
"<div><a href=""/places/default/view/Latvia-118""><img src=""/places/static/images/flags/lv.png"" /> Latvia</a></div>",Latvia,1775500
"<div><a href=""/places/default/view/Lebanon-119""><img src=""/places/static/images/flags/lb.png"" /> Lebanon</a></div>",Lebanon,1775501
"<div><a href=""/places/default/view/Lesotho-120""><img src=""/places/static/images/flags/ls.png"" /> Lesotho</a></div>",Lesotho,1775502
"<div><a href=""/places/default/view/Liberia-121""><img src=""/places/static/images/flags/lr.png"" /> Liberia</a></div>",Liberia,1775503
"<div><a href=""/places/default/view/Libya-122""><img src=""/places/static/images/flags/ly.png"" /> Libya</a></div>",Libya,1775504
"<div><a href=""/places/default/view/Liechtenstein-123""><img src=""/places/static/images/flags/li.png"" /> Liechtenstein</a></div>",Liechtenstein,1775505
"<div><a href=""/places/default/view/Lithuania-124""><img src=""/places/static/images/flags/lt.png"" /> Lithuania</a></div>",Lithuania,1775506
"<div><a href=""/places/default/view/Luxembourg-125""><img src=""/places/static/images/flags/lu.png"" /> Luxembourg</a></div>",Luxembourg,1775507
"<div><a href=""/places/default/view/Macedonia-126""><img src=""/places/static/images/flags/mk.png"" /> Macedonia</a></div>",Macedonia,1775508
"<div><a href=""/places/default/view/Madagascar-127""><img src=""/places/static/images/flags/mg.png"" /> Madagascar</a></div>",Madagascar,1775509
"<div><a href=""/places/default/view/Malawi-128""><img src=""/places/static/images/flags/mw.png"" /> Malawi</a></div>",Malawi,1775510
"<div><a href=""/places/default/view/Malaysia-129""><img src=""/places/static/images/flags/my.png"" /> Malaysia</a></div>",Malaysia,1775511
"<div><a href=""/places/default/view/Maldives-130""><img src=""/places/static/images/flags/mv.png"" /> Maldives</a></div>",Maldives,1775512
"<div><a href=""/places/default/view/Mali-131""><img src=""/places/static/images/flags/ml.png"" /> Mali</a></div>",Mali,1775513
"<div><a href=""/places/default/view/Malta-132""><img src=""/places/static/images/flags/mt.png"" /> Malta</a></div>",Malta,1775514
"<div><a href=""/places/default/view/Marshall-Islands-133""><img src=""/places/static/images/flags/mh.png"" /> Marshall Islands</a></div>",Marshall Islands,1775515
"<div><a href=""/places/default/view/Martinique-134""><img src=""/places/static/images/flags/mq.png"" /> Martinique</a></div>",Martinique,1775516
"<div><a href=""/places/default/view/Mauritania-135""><img src=""/places/static/images/flags/mr.png"" /> Mauritania</a></div>",Mauritania,1775517
"<div><a href=""/places/default/view/Mauritius-136""><img src=""/places/static/images/flags/mu.png"" /> Mauritius</a></div>",Mauritius,1775518
"<div><a href=""/places/default/view/Mayotte-137""><img src=""/places/static/images/flags/yt.png"" /> Mayotte</a></div>",Mayotte,1775519
"<div><a href=""/places/default/view/Mexico-138""><img src=""/places/static/images/flags/mx.png"" /> Mexico</a></div>",Mexico,1775520
"<div><a href=""/places/default/view/Micronesia-139""><img src=""/places/static/images/flags/fm.png"" /> Micronesia</a></div>",Micronesia,1775521
"<div><a href=""/places/default/view/Moldova-140""><img src=""/places/static/images/flags/md.png"" /> Moldova</a></div>",Moldova,1775522
"<div><a href=""/places/default/view/Monaco-141""><img src=""/places/static/images/flags/mc.png"" /> Monaco</a></div>",Monaco,1775523
"<div><a href=""/places/default/view/Mongolia-142""><img src=""/places/static/images/flags/mn.png"" /> Mongolia</a></div>",Mongolia,1775524
"<div><a href=""/places/default/view/Montenegro-143""><img src=""/places/static/images/flags/me.png"" /> Montenegro</a></div>",Montenegro,1775525
"<div><a href=""/places/default/view/Montserrat-144""><img src=""/places/static/images/flags/ms.png"" /> Montserrat</a></div>",Montserrat,1775526
"<div><a href=""/places/default/view/Morocco-145""><img src=""/places/static/images/flags/ma.png"" /> Morocco</a></div>",Morocco,1775527
"<div><a href=""/places/default/view/Mozambique-146""><img src=""/places/static/images/flags/mz.png"" /> Mozambique</a></div>",Mozambique,1775528
"<div><a href=""/places/default/view/Myanmar-147""><img src=""/places/static/images/flags/mm.png"" /> Myanmar</a></div>",Myanmar,1775529
"<div><a href=""/places/default/view/Namibia-148""><img src=""/places/static/images/flags/na.png"" /> Namibia</a></div>",Namibia,1775530
"<div><a href=""/places/default/view/Nauru-149""><img src=""/places/static/images/flags/nr.png"" /> Nauru</a></div>",Nauru,1775531
"<div><a href=""/places/default/view/Nepal-150""><img src=""/places/static/images/flags/np.png"" /> Nepal</a></div>",Nepal,1775532
"<div><a href=""/places/default/view/Netherlands-151""><img src=""/places/static/images/flags/nl.png"" /> Netherlands</a></div>",Netherlands,1775533
"<div><a href=""/places/default/view/Netherlands-Antilles-152""><img src=""/places/static/images/flags/an.png"" /> Netherlands Antilles</a></div>",Netherlands Antilles,1775534
"<div><a href=""/places/default/view/New-Caledonia-153""><img src=""/places/static/images/flags/nc.png"" /> New Caledonia</a></div>",New Caledonia,1775535
"<div><a href=""/places/default/view/New-Zealand-154""><img src=""/places/static/images/flags/nz.png"" /> New Zealand</a></div>",New Zealand,1775536
"<div><a href=""/places/default/view/Nicaragua-155""><img src=""/places/static/images/flags/ni.png"" /> Nicaragua</a></div>",Nicaragua,1775537
"<div><a href=""/places/default/view/Niger-156""><img src=""/places/static/images/flags/ne.png"" /> Niger</a></div>",Niger,1775538
"<div><a href=""/places/default/view/Nigeria-157""><img src=""/places/static/images/flags/ng.png"" /> Nigeria</a></div>",Nigeria,1775539
"<div><a href=""/places/default/view/Niue-158""><img src=""/places/static/images/flags/nu.png"" /> Niue</a></div>",Niue,1775540
"<div><a href=""/places/default/view/Norfolk-Island-159""><img src=""/places/static/images/flags/nf.png"" /> Norfolk Island</a></div>",Norfolk Island,1775541
"<div><a href=""/places/default/view/North-Korea-160""><img src=""/places/static/images/flags/kp.png"" /> North Korea</a></div>",North Korea,1775542
"<div><a href=""/places/default/view/Northern-Mariana-Islands-161""><img src=""/places/static/images/flags/mp.png"" /> Northern Mariana Islands</a></div>",Northern Mariana Islands,1775543
"<div><a href=""/places/default/view/Norway-162""><img src=""/places/static/images/flags/no.png"" /> Norway</a></div>",Norway,1775544
"<div><a href=""/places/default/view/Oman-163""><img src=""/places/static/images/flags/om.png"" /> Oman</a></div>",Oman,1775545
"<div><a href=""/places/default/view/Pakistan-164""><img src=""/places/static/images/flags/pk.png"" /> Pakistan</a></div>",Pakistan,1775546
"<div><a href=""/places/default/view/Palau-165""><img src=""/places/static/images/flags/pw.png"" /> Palau</a></div>",Palau,1775547
"<div><a href=""/places/default/view/Palestinian-Territory-166""><img src=""/places/static/images/flags/ps.png"" /> Palestinian Territory</a></div>",Palestinian Territory,1775548
"<div><a href=""/places/default/view/Panama-167""><img src=""/places/static/images/flags/pa.png"" /> Panama</a></div>",Panama,1775549
"<div><a href=""/places/default/view/Papua-New-Guinea-168""><img src=""/places/static/images/flags/pg.png"" /> Papua New Guinea</a></div>",Papua New Guinea,1775550
"<div><a href=""/places/default/view/Paraguay-169""><img src=""/places/static/images/flags/py.png"" /> Paraguay</a></div>",Paraguay,1775551
"<div><a href=""/places/default/view/Peru-170""><img src=""/places/static/images/flags/pe.png"" /> Peru</a></div>",Peru,1775552
"<div><a href=""/places/default/view/Philippines-171""><img src=""/places/static/images/flags/ph.png"" /> Philippines</a></div>",Philippines,1775553
"<div><a href=""/places/default/view/Pitcairn-172""><img src=""/places/static/images/flags/pn.png"" /> Pitcairn</a></div>",Pitcairn,1775554
"<div><a href=""/places/default/view/Poland-173""><img src=""/places/static/images/flags/pl.png"" /> Poland</a></div>",Poland,1775555
"<div><a href=""/places/default/view/Portugal-174""><img src=""/places/static/images/flags/pt.png"" /> Portugal</a></div>",Portugal,1775556
"<div><a href=""/places/default/view/Puerto-Rico-175""><img src=""/places/static/images/flags/pr.png"" /> Puerto Rico</a></div>",Puerto Rico,1775557
"<div><a href=""/places/default/view/Qatar-176""><img src=""/places/static/images/flags/qa.png"" /> Qatar</a></div>",Qatar,1775558
"<div><a href=""/places/default/view/Republic-of-the-Congo-177""><img src=""/places/static/images/flags/cg.png"" /> Republic of the Congo</a></div>",Republic of the Congo,1775559
"<div><a href=""/places/default/view/Reunion-178""><img src=""/places/static/images/flags/re.png"" /> Reunion</a></div>",Reunion,1775560
"<div><a href=""/places/default/view/Romania-179""><img src=""/places/static/images/flags/ro.png"" /> Romania</a></div>",Romania,1775561
"<div><a href=""/places/default/view/Russia-180""><img src=""/places/static/images/flags/ru.png"" /> Russia</a></div>",Russia,1775562
"<div><a href=""/places/default/view/Rwanda-181""><img src=""/places/static/images/flags/rw.png"" /> Rwanda</a></div>",Rwanda,1775563
"<div><a href=""/places/default/view/Saint-Barthelemy-182""><img src=""/places/static/images/flags/bl.png"" /> Saint Barthelemy</a></div>",Saint Barthelemy,1775564
"<div><a href=""/places/default/view/Saint-Helena-183""><img src=""/places/static/images/flags/sh.png"" /> Saint Helena</a></div>",Saint Helena,1775565
"<div><a href=""/places/default/view/Saint-Kitts-and-Nevis-184""><img src=""/places/static/images/flags/kn.png"" /> Saint Kitts and Nevis</a></div>",Saint Kitts and Nevis,1775566
"<div><a href=""/places/default/view/Saint-Lucia-185""><img src=""/places/static/images/flags/lc.png"" /> Saint Lucia</a></div>",Saint Lucia,1775567
"<div><a href=""/places/default/view/Saint-Martin-186""><img src=""/places/static/images/flags/mf.png"" /> Saint Martin</a></div>",Saint Martin,1775568
"<div><a href=""/places/default/view/Saint-Pierre-and-Miquelon-187""><img src=""/places/static/images/flags/pm.png"" /> Saint Pierre and Miquelon</a></div>",Saint Pierre and Miquelon,1775569
"<div><a href=""/places/default/view/Saint-Vincent-and-the-Grenadines-188""><img src=""/places/static/images/flags/vc.png"" /> Saint Vincent and the Grenadines</a></div>",Saint Vincent and the Grenadines,1775570
"<div><a href=""/places/default/view/Samoa-189""><img src=""/places/static/images/flags/ws.png"" /> Samoa</a></div>",Samoa,1775571
"<div><a href=""/places/default/view/San-Marino-190""><img src=""/places/static/images/flags/sm.png"" /> San Marino</a></div>",San Marino,1775572
"<div><a href=""/places/default/view/Sao-Tome-and-Principe-191""><img src=""/places/static/images/flags/st.png"" /> Sao Tome and Principe</a></div>",Sao Tome and Principe,1775573
"<div><a href=""/places/default/view/Saudi-Arabia-192""><img src=""/places/static/images/flags/sa.png"" /> Saudi Arabia</a></div>",Saudi Arabia,1775574
"<div><a href=""/places/default/view/Senegal-193""><img src=""/places/static/images/flags/sn.png"" /> Senegal</a></div>",Senegal,1775575
"<div><a href=""/places/default/view/Serbia-194""><img src=""/places/static/images/flags/rs.png"" /> Serbia</a></div>",Serbia,1775576
"<div><a href=""/places/default/view/Serbia-and-Montenegro-195""><img src=""/places/static/images/flags/cs.png"" /> Serbia and Montenegro</a></div>",Serbia and Montenegro,1775577
"<div><a href=""/places/default/view/Seychelles-196""><img src=""/places/static/images/flags/sc.png"" /> Seychelles</a></div>",Seychelles,1775578
"<div><a href=""/places/default/view/Sierra-Leone-197""><img src=""/places/static/images/flags/sl.png"" /> Sierra Leone</a></div>",Sierra Leone,1775579
"<div><a href=""/places/default/view/Singapore-198""><img src=""/places/static/images/flags/sg.png"" /> Singapore</a></div>",Singapore,1775580
"<div><a href=""/places/default/view/Sint-Maarten-199""><img src=""/places/static/images/flags/sx.png"" /> Sint Maarten</a></div>",Sint Maarten,1775581
"<div><a href=""/places/default/view/Slovakia-200""><img src=""/places/static/images/flags/sk.png"" /> Slovakia</a></div>",Slovakia,1775582
"<div><a href=""/places/default/view/Slovenia-201""><img src=""/places/static/images/flags/si.png"" /> Slovenia</a></div>",Slovenia,1775583
"<div><a href=""/places/default/view/Solomon-Islands-202""><img src=""/places/static/images/flags/sb.png"" /> Solomon Islands</a></div>",Solomon Islands,1775584
"<div><a href=""/places/default/view/Somalia-203""><img src=""/places/static/images/flags/so.png"" /> Somalia</a></div>",Somalia,1775585
"<div><a href=""/places/default/view/South-Africa-204""><img src=""/places/static/images/flags/za.png"" /> South Africa</a></div>",South Africa,1775586
"<div><a href=""/places/default/view/South-Georgia-and-the-South-Sandwich-Islands-205""><img src=""/places/static/images/flags/gs.png"" /> South Georgia and the South Sandwich Islands</a></div>",South Georgia and the South Sandwich Islands,1775587
"<div><a href=""/places/default/view/South-Korea-206""><img src=""/places/static/images/flags/kr.png"" /> South Korea</a></div>",South Korea,1775588
"<div><a href=""/places/default/view/South-Sudan-207""><img src=""/places/static/images/flags/ss.png"" /> South Sudan</a></div>",South Sudan,1775589
"<div><a href=""/places/default/view/Spain-208""><img src=""/places/static/images/flags/es.png"" /> Spain</a></div>",Spain,1775590
"<div><a href=""/places/default/view/Sri-Lanka-209""><img src=""/places/static/images/flags/lk.png"" /> Sri Lanka</a></div>",Sri Lanka,1775591
"<div><a href=""/places/default/view/Sudan-210""><img src=""/places/static/images/flags/sd.png"" /> Sudan</a></div>",Sudan,1775592
"<div><a href=""/places/default/view/Suriname-211""><img src=""/places/static/images/flags/sr.png"" /> Suriname</a></div>",Suriname,1775593
"<div><a href=""/places/default/view/Svalbard-and-Jan-Mayen-212""><img src=""/places/static/images/flags/sj.png"" /> Svalbard and Jan Mayen</a></div>",Svalbard and Jan Mayen,1775594
"<div><a href=""/places/default/view/Swaziland-213""><img src=""/places/static/images/flags/sz.png"" /> Swaziland</a></div>",Swaziland,1775595
"<div><a href=""/places/default/view/Sweden-214""><img src=""/places/static/images/flags/se.png"" /> Sweden</a></div>",Sweden,1775596
"<div><a href=""/places/default/view/Switzerland-215""><img src=""/places/static/images/flags/ch.png"" /> Switzerland</a></div>",Switzerland,1775597
"<div><a href=""/places/default/view/Syria-216""><img src=""/places/static/images/flags/sy.png"" /> Syria</a></div>",Syria,1775598
"<div><a href=""/places/default/view/Tajikistan-217""><img src=""/places/static/images/flags/tj.png"" /> Tajikistan</a></div>",Tajikistan,1775599
"<div><a href=""/places/default/view/Tanzania-218""><img src=""/places/static/images/flags/tz.png"" /> Tanzania</a></div>",Tanzania,1775600
"<div><a href=""/places/default/view/Thailand-219""><img src=""/places/static/images/flags/th.png"" /> Thailand</a></div>",Thailand,1775601
"<div><a href=""/places/default/view/Togo-220""><img src=""/places/static/images/flags/tg.png"" /> Togo</a></div>",Togo,1775602
"<div><a href=""/places/default/view/Tokelau-221""><img src=""/places/static/images/flags/tk.png"" /> Tokelau</a></div>",Tokelau,1775603
"<div><a href=""/places/default/view/Tonga-222""><img src=""/places/static/images/flags/to.png"" /> Tonga</a></div>",Tonga,1775604
"<div><a href=""/places/default/view/Trinidad-and-Tobago-223""><img src=""/places/static/images/flags/tt.png"" /> Trinidad and Tobago</a></div>",Trinidad and Tobago,1775605
"<div><a href=""/places/default/view/Tunisia-224""><img src=""/places/static/images/flags/tn.png"" /> Tunisia</a></div>",Tunisia,1775606
"<div><a href=""/places/default/view/Turkey-225""><img src=""/places/static/images/flags/tr.png"" /> Turkey</a></div>",Turkey,1775607
"<div><a href=""/places/default/view/Turkmenistan-226""><img src=""/places/static/images/flags/tm.png"" /> Turkmenistan</a></div>",Turkmenistan,1775608
"<div><a href=""/places/default/view/Turks-and-Caicos-Islands-227""><img src=""/places/static/images/flags/tc.png"" /> Turks and Caicos Islands</a></div>",Turks and Caicos Islands,1775609
"<div><a href=""/places/default/view/Tuvalu-228""><img src=""/places/static/images/flags/tv.png"" /> Tuvalu</a></div>",Tuvalu,1775610
"<div><a href=""/places/default/view/US-Virgin-Islands-229""><img src=""/places/static/images/flags/vi.png"" /> U.S. Virgin Islands</a></div>",U.S. Virgin Islands,1775611
"<div><a href=""/places/default/view/Uganda-230""><img src=""/places/static/images/flags/ug.png"" /> Uganda</a></div>",Uganda,1775612
"<div><a href=""/places/default/view/Ukraine-231""><img src=""/places/static/images/flags/ua.png"" /> Ukraine</a></div>",Ukraine,1775613
"<div><a href=""/places/default/view/United-Arab-Emirates-232""><img src=""/places/static/images/flags/ae.png"" /> United Arab Emirates</a></div>",United Arab Emirates,1775614
"<div><a href=""/places/default/view/United-Kingdom-233""><img src=""/places/static/images/flags/gb.png"" /> United Kingdom</a></div>",United Kingdom,1775615
"<div><a href=""/places/default/view/United-States-234""><img src=""/places/static/images/flags/us.png"" /> United States</a></div>",United States,1775616
"<div><a href=""/places/default/view/United-States-Minor-Outlying-Islands-235""><img src=""/places/static/images/flags/um.png"" /> United States Minor Outlying Islands</a></div>",United States Minor Outlying Islands,1775617
"<div><a href=""/places/default/view/Uruguay-236""><img src=""/places/static/images/flags/uy.png"" /> Uruguay</a></div>",Uruguay,1775618
"<div><a href=""/places/default/view/Uzbekistan-237""><img src=""/places/static/images/flags/uz.png"" /> Uzbekistan</a></div>",Uzbekistan,1775619
"<div><a href=""/places/default/view/Vanuatu-238""><img src=""/places/static/images/flags/vu.png"" /> Vanuatu</a></div>",Vanuatu,1775620
"<div><a href=""/places/default/view/Vatican-239""><img src=""/places/static/images/flags/va.png"" /> Vatican</a></div>",Vatican,1775621
"<div><a href=""/places/default/view/Venezuela-240""><img src=""/places/static/images/flags/ve.png"" /> Venezuela</a></div>",Venezuela,1775622
"<div><a href=""/places/default/view/Vietnam-241""><img src=""/places/static/images/flags/vn.png"" /> Vietnam</a></div>",Vietnam,1775623
"<div><a href=""/places/default/view/Wallis-and-Futuna-242""><img src=""/places/static/images/flags/wf.png"" /> Wallis and Futuna</a></div>",Wallis and Futuna,1775624
"<div><a href=""/places/default/view/Western-Sahara-243""><img src=""/places/static/images/flags/eh.png"" /> Western Sahara</a></div>",Western Sahara,1775625
"<div><a href=""/places/default/view/Yemen-244""><img src=""/places/static/images/flags/ye.png"" /> Yemen</a></div>",Yemen,1775626
"<div><a href=""/places/default/view/Zambia-245""><img src=""/places/static/images/flags/zm.png"" /> Zambia</a></div>",Zambia,1775627
"<div><a href=""/places/default/view/Zimbabwe-246""><img src=""/places/static/images/flags/zw.png"" /> Zimbabwe</a></div>",Zimbabwe,1775628
